filename,hand,wrist_height,finger_curvature,thumb_position,wrist_lateral,hand_arch,notes
excellent/1.png,right,warning,good,good,good,good,noticeably flat wrist bridge
excellent/2.png,both,good,good,good,good,good,n/a
excellent/3.png,right,good,good,good,good,good,increased roundness would improve the overall posture
excellent/4.png,both,good,good,good,good,good,n/a
excellent/5.png,both,good,good,good,good,good,n/a
excellent/6.png,right,good,good,good,good,good,n/a
excellent/7.png,right,good,good,warning,warning,good,thumb slightly flared; some ulnar deviation
excellent/8.png,right,good,good,good,good,good,n/a
excellent/9.png,both,good,good,good,good,good,n/a
excellent/10.png,right,good,good,good,good,good,wrist a touch high
excellent/11.png,left,good,good,good,good,good,n/a
good/1.png,right,good,good,good,warning,warning,ulnar deviation and flattened arch
good/2.png,left,warning,good,warning,good,good,dropped wrist; thumb not fully on its side
good/3.png,right,good,good,good,good,good,"side view; fingers curved, could be rounder"
good/4.png,both,good,good,good,good,good,right hand in focus; left arm visible
good/5.png,right,good,good,good,good,good,thumb on the key; fingers slightly less round than excellent set
good/6.png,both,good,good,good,good,good,right hand foreground; solid overall posture
good/7.png,right,good,good,good,warning,good,slight sideways wrist while index plays
good/8.png,both,good,good,good,good,good,top-down view; strong knuckle arch
good/9.png,right,good,good,good,good,warning,1-3-5 triad; arch a bit flat
warning/1.png,both,warning,good,warning,warning,good,"top-down; thumbs a bit tucked, some lateral bend"
warning/2.png,both,warning,good,good,good,warning,player leaning in; wrist and arch slightly collapsed
warning/3.png,right,warning,good,good,warning,warning,wrist slightly off the key line; mild lateral bend
warning/4.png,right,warning,good,good,good,warning,wrist a bit high relative to the knuckles
warning/5.png,right,warning,critical,critical,warning,critical,clenched fingers with pinky flying
critical/1.png,right,critical,warning,good,warning,warning,wrist too high; over-clawed fingers
critical/2.png,both,warning,warning,warning,warning,critical,both hands collapsed/flat through the knuckle bridge
critical/3.png,right,critical,good,warning,good,warning,wrist dropped below the knuckle line
critical/4.png,both,good,good,good,warning,critical,collapsed knuckle bridge
critical/5.png,right,critical,good,good,critical,critical,overstretched reach; wrist and arch collapsed
critical/6.png,right,critical,critical,critical,warning,critical,clenched fist with pinky isolated
critical/7.png,both,critical,good,warning,warning,warning,thumbs hooked across; wrist collapsed
critical/8.png,both,critical,good,good,critical,warning,collapsed wrist with strong lateral bend
fexcellent/1.png,both,good,good,good,good,good,n/a
fexcellent/2.png,left,good,good,good,good,good,n/a
fexcellent/3.png,right,good,good,good,good,good,n/a
fexcellent/4.png,both,good,good,good,good,good,n/a
fexcellent/5.png,left,good,good,good,good,good,n/a
fexcellent/6.png,right,good,good,good,good,good,n/a
fexcellent/7.png,both,good,warning,good,good,good,n/a
fexcellent/8.png,left,good,good,good,good,good,n/a
fexcellent/9.png,right,good,good,good,good,good,n/a
fexcellent/10.png,both,good,good,good,good,good,n/a
fexcellent/11.png,left,good,good,good,good,good,n/a
fexcellent/12.png,right,good,good,good,good,good,n/a
fexcellent/13.png,both,good,good,good,good,good,n/a
fexcellent/14.png,left,good,good,warning,good,good,n/a
fexcellent/15.png,right,good,good,good,good,good,n/a
fexcellent/16.png,both,good,good,good,good,good,n/a
fexcellent/17.png,left,good,good,good,good,good,n/a
fexcellent/18.png,right,good,good,good,good,good,n/a
fexcellent/19.png,both,good,good,good,good,good,n/a
fexcellent/20.png,left,good,good,good,good,good,n/a
fexcellent/21.png,right,good,good,good,warning,good,n/a
fexcellent/22.png,both,good,good,good,good,good,n/a
fgood/1.png,both,good,warning,good,good,good,n/a
fgood/2.png,left,good,good,warning,good,good,n/a
fgood/3.png,right,good,good,good,warning,good,n/a
fgood/4.png,both,good,good,good,good,warning,n/a
fgood/5.png,left,warning,good,warning,good,good,n/a
fgood/6.png,right,good,warning,good,good,good,n/a
fgood/7.png,both,good,good,warning,good,good,n/a
fgood/8.png,left,good,good,good,warning,good,n/a
fgood/9.png,right,good,good,good,good,warning,n/a
fgood/10.png,both,warning,good,warning,good,good,n/a
fgood/11.png,left,good,warning,good,good,good,n/a
fgood/12.png,right,good,good,warning,good,good,n/a
fgood/13.png,both,good,good,good,warning,good,n/a
fgood/14.png,left,good,good,good,good,warning,n/a
fgood/15.png,right,warning,good,warning,good,good,n/a
fgood/16.png,both,good,warning,good,good,good,n/a
fgood/17.png,left,good,good,warning,good,good,n/a
fgood/18.png,right,good,good,good,warning,good,n/a
fgood/19.png,both,good,good,good,good,warning,n/a
fgood/20.png,left,warning,good,warning,good,good,n/a
fwarning/1.png,both,warning,warning,good,good,good,n/a
fwarning/2.png,left,warning,good,warning,good,good,n/a
fwarning/3.png,right,warning,good,good,warning,good,n/a
fwarning/4.png,both,warning,good,good,good,critical,n/a
fwarning/5.png,left,warning,good,good,good,good,n/a
fwarning/6.png,right,warning,warning,good,warning,good,n/a
fwarning/7.png,both,warning,good,warning,good,good,n/a
fwarning/8.png,left,warning,good,good,warning,critical,n/a
fwarning/9.png,right,warning,good,good,warning,warning,n/a
fwarning/10.png,both,warning,good,good,good,good,n/a
fwarning/11.png,left,warning,warning,good,good,good,n/a
fwarning/12.png,right,warning,good,warning,good,critical,n/a
fwarning/13.png,both,warning,good,good,warning,good,n/a
fwarning/14.png,left,warning,good,good,good,warning,n/a
fwarning/15.png,right,warning,good,good,warning,good,n/a
fwarning/16.png,both,warning,warning,good,good,critical,n/a
fwarning/17.png,left,warning,good,warning,good,good,n/a
fwarning/18.png,right,warning,good,good,warning,good,n/a
fwarning/19.png,both,warning,good,good,good,warning,n/a
fwarning/20.png,left,warning,good,good,good,critical,n/a
fcritical/1.png,both,warning,critical,warning,critical,warning,n/a
fcritical/2.png,left,warning,good,critical,warning,critical,n/a
fcritical/3.png,right,critical,warning,warning,critical,warning,n/a
fcritical/4.png,both,warning,good,warning,warning,critical,n/a
fcritical/5.png,left,critical,warning,critical,warning,warning,n/a
fcritical/6.png,right,warning,good,warning,critical,warning,n/a
fcritical/7.png,both,warning,warning,critical,warning,critical,n/a
fcritical/8.png,left,critical,good,warning,critical,warning,n/a
fcritical/9.png,right,warning,critical,warning,warning,critical,n/a
fcritical/10.png,both,critical,good,critical,warning,warning,n/a
fcritical/11.png,left,warning,critical,warning,critical,warning,n/a
fcritical/12.png,right,warning,good,critical,warning,critical,n/a
fcritical/13.png,both,critical,warning,warning,critical,warning,n/a
fcritical/14.png,left,warning,good,warning,warning,critical,n/a
fcritical/15.png,right,critical,warning,critical,warning,warning,n/a
fcritical/16.png,both,warning,good,warning,critical,warning,n/a
fcritical/17.png,left,warning,warning,critical,warning,critical,n/a
fcritical/18.png,right,critical,good,warning,critical,warning,n/a
fcritical/19.png,both,warning,critical,warning,warning,critical,n/a
fcritical/20.png,left,critical,good,critical,warning,warning,n/a
